<?xml version="1.0" encoding="UTF-8"?>

<services-config>

    <services>
        <service id="messaging-service"
            class="flex.messaging.services.MessagingService"
            messageTypes="flex.messaging.messages.AsyncMessage">
            <adapters>
                <adapter-definition id="default" class="org.granite.gravity.adapters.SimpleServiceAdapter" default="true"/>
            </adapters>

            <destination id="gravity">
                <channels>
                    <channel ref="gravityamf"/>
                </channels>
            </destination>
        </service>
    </services>

    <channels>
        <channel-definition id="gravityamf" class="org.granite.gravity.channels.GravityChannel">
            <endpoint
                uri="http://{server.name}:{server.port}/{context.root}/gravity/amf"
                class="flex.messaging.endpoints.AMFEndpoint"/>
        </channel-definition>
    </channels>

</services-config>
